Sample ID,Date,Station ID,Station Name,Region,pH,Turbidity NTU,Dissolved Oxygen mg L,TDS mg L,Conductivity uS cm,Hardness mg L,Nitrate mg L,BOD mg L,Total Coliform CFU 100mL,Chlorine mg L,Temperature C,WHO pH Pass,WHO Turbidity Pass,WHO Nitrate Pass,WHO Coliform Pass,Overall Potable
SMP-2023-0001,2023-01-01,WQ-001,Station A - River Intake,North,7.249,76.304,9.66,419.396,646.5,56.2,3.184,2.43,86,0.012,25.859,PASS,FAIL,PASS,FAIL,N/A (Raw Source)
SMP-2023-0002,2023-01-04,WQ-001,Station A - River Intake,North,8.44,67.433,7.062,231.821,352.9,91.8,3.568,2.02,159,0.105,18.911,PASS,FAIL,PASS,FAIL,N/A (Raw Source)
SMP-2023-0003,2023-01-07,WQ-002,Station B - Reservoir,East,7.209,12.258,9.28,335.553,481.2,69.5,1.998,2.53,103,0.059,10.697,PASS,FAIL,PASS,FAIL,N/A (Raw Source)
SMP-2023-0004,2023-01-08,WQ-005,Station E - Consumer Tap,Central,7.849,2.9,8.425,162.246,228.3,322.8,0.579,1.79,10,0.496,16.22,PASS,PASS,PASS,FAIL,NO
SMP-2023-0005,2023-01-12,WQ-004,Station D - Distribution Main,West,7.207,1.359,7.279,204.816,323.4,229.4,2.232,2.85,1,1.17,21.201,PASS,PASS,PASS,FAIL,NO
SMP-2023-0006,2023-01-16,WQ-002,Station B - Reservoir,East,8.091,4.478,7.98,113.568,165.4,212.8,2.94,1.78,78,0.027,22.431,PASS,FAIL,PASS,FAIL,N/A (Raw Source)
SMP-2023-0007,2023-01-20,WQ-004,Station D - Distribution Main,West,7.113,1.624,6.686,316.853,489.8,281.4,3.112,2.27,1,0.206,21.524,PASS,PASS,PASS,FAIL,NO
SMP-2023-0008,2023-01-22,WQ-004,Station D - Distribution Main,West,7.059,0.781,6.79,287.145,443.9,241.3,2.531,1.33,3,0.264,17.488,PASS,PASS,PASS,FAIL,NO
SMP-2023-0009,2023-01-26,WQ-004,Station D - Distribution Main,West,7.71,0.997,6.799,251.179,373.1,57.6,3.067,1.83,5,0.971,18.95,PASS,PASS,PASS,FAIL,NO
SMP-2023-0010,2023-01-28,WQ-004,Station D - Distribution Main,West,7.086,0.16,8.091,155.445,224.7,73.1,2.083,2.43,9,0.449,18.283,PASS,PASS,PASS,FAIL,NO
SMP-2023-0011,2023-01-31,WQ-003,Station C - Treatment Plant Outlet,South,7.232,0.326,8.859,257.786,388.7,292.2,1.937,2.75,4,1.304,16.306,PASS,PASS,PASS,FAIL,NO
SMP-2023-0012,2023-02-02,WQ-001,Station A - River Intake,North,8.292,28.85,6.55,252.571,374.7,116.6,6.98,3.83,410,0.172,12.111,PASS,FAIL,PASS,FAIL,N/A (Raw Source)
SMP-2023-0013,2023-02-02,WQ-002,Station B - Reservoir,East,6.968,11.453,11.715,196.961,285.7,199.2,4.391,3.61,140,0.036,24.577,PASS,FAIL,PASS,FAIL,N/A (Raw Source)
SMP-2023-0014,2023-02-02,WQ-001,Station A - River Intake,North,7.102,26.363,6.184,424.304,606.3,196.8,8.038,1.27,35,0.056,26.532,PASS,FAIL,PASS,FAIL,N/A (Raw Source)
SMP-2023-0015,2023-02-14,WQ-004,Station D - Distribution Main,West,7.789,0.56,8.18,262.789,396.1,77.1,1.027,2.12,7,0.568,20.058,PASS,PASS,PASS,FAIL,NO
SMP-2023-0016,2023-02-16,WQ-001,Station A - River Intake,North,8.171,29.059,6.933,168.349,257.4,102.3,9.273,2.78,342,0.003,20.193,PASS,FAIL,PASS,FAIL,N/A (Raw Source)
SMP-2023-0017,2023-02-18,WQ-002,Station B - Reservoir,East,7.767,12.829,11.684,141.256,216.4,295.2,3.058,1.26,23,0.092,23.16,PASS,FAIL,PASS,FAIL,N/A (Raw Source)
SMP-2023-0018,2023-02-21,WQ-001,Station A - River Intake,North,7.61,44.724,7.209,191.896,296.5,319.1,13.561,3.63,451,0.127,17.424,PASS,FAIL,FAIL,FAIL,N/A (Raw Source)
SMP-2023-0019,2023-02-25,WQ-003,Station C - Treatment Plant Outlet,South,7.71,1.192,8.284,98.511,151,51.5,0.569,0.77,4,1.106,15.064,PASS,PASS,PASS,FAIL,NO
SMP-2023-0020,2023-02-27,WQ-005,Station E - Consumer Tap,Central,7.061,1.691,8.076,256.03,391.7,304.8,1.199,2.42,10,0.314,18.254,PASS,PASS,PASS,FAIL,NO
SMP-2023-0021,2023-03-01,WQ-003,Station C - Treatment Plant Outlet,South,7.526,0.896,7.187,160.897,245.6,288.4,0.869,2.74,1,1.473,17.752,PASS,PASS,PASS,FAIL,NO
SMP-2023-0022,2023-03-02,WQ-001,Station A - River Intake,North,7.505,48.268,8.463,237.859,377.7,336.2,11.114,1.68,147,0.005,22.328,PASS,FAIL,FAIL,FAIL,N/A (Raw Source)
SMP-2023-0023,2023-03-02,WQ-003,Station C - Treatment Plant Outlet,South,7.732,0.618,7.031,284.23,419.8,305.3,1.342,1.26,4,1.464,20.971,PASS,PASS,PASS,FAIL,NO
SMP-2023-0024,2023-03-04,WQ-005,Station E - Consumer Tap,Central,7.217,0.592,7.67,332.762,475.2,205.5,3.511,3.02,8,0.187,21.15,PASS,PASS,PASS,FAIL,NO
SMP-2023-0025,2023-03-07,WQ-001,Station A - River Intake,North,8.255,60.558,9.485,466.118,737.7,203.4,6.033,3.43,153,0.162,24.962,PASS,FAIL,PASS,FAIL,N/A (Raw Source)
SMP-2023-0026,2023-03-07,WQ-001,Station A - River Intake,North,7.503,64.872,9.25,465.885,706.1,60.8,12.141,2.96,446,0.068,18.009,PASS,FAIL,FAIL,FAIL,N/A (Raw Source)
SMP-2023-0027,2023-03-09,WQ-005,Station E - Consumer Tap,Central,7.366,1.674,6.86,239.525,360.4,281,0.249,0.82,0,0.84,18.602,PASS,PASS,PASS,PASS,YES
SMP-2023-0028,2023-03-11,WQ-003,Station C - Treatment Plant Outlet,South,7.173,0.972,7.171,91.37,137.4,146.9,1.641,2.95,2,1.137,20.083,PASS,PASS,PASS,FAIL,NO
SMP-2023-0029,2023-03-12,WQ-005,Station E - Consumer Tap,Central,7.695,0.885,7.317,101.183,145.2,96.9,0.224,1.59,14,0.852,21.96,PASS,PASS,PASS,FAIL,NO
SMP-2023-0030,2023-03-13,WQ-003,Station C - Treatment Plant Outlet,South,7.2,0.869,8.429,225.243,334.2,124.3,0.912,2.05,4,1.238,18.88,PASS,PASS,PASS,FAIL,NO
SMP-2023-0031,2023-03-14,WQ-003,Station C - Treatment Plant Outlet,South,7.285,1.161,7.029,105.536,149.8,197.5,0.233,1.69,0,1.355,19.926,PASS,PASS,PASS,PASS,YES
SMP-2023-0032,2023-03-14,WQ-001,Station A - River Intake,North,7.447,17.99,8.169,329.327,494.2,306.9,9.622,3.67,321,0.009,17.994,PASS,FAIL,PASS,FAIL,N/A (Raw Source)
SMP-2023-0033,2023-03-15,WQ-001,Station A - River Intake,North,7.817,17.22,6.353,439.089,671.2,187.5,1.371,2.96,297,0.188,21.208,PASS,FAIL,PASS,FAIL,N/A (Raw Source)
SMP-2023-0034,2023-03-19,WQ-004,Station D - Distribution Main,West,7.436,1.889,7.465,310.686,440.8,254.9,3.631,0.55,1,0.269,15.806,PASS,PASS,PASS,FAIL,NO
SMP-2023-0035,2023-03-22,WQ-003,Station C - Treatment Plant Outlet,South,7.057,0.547,8.69,85.12,134.1,270.5,2.462,2.08,1,0.618,19.877,PASS,PASS,PASS,FAIL,NO
SMP-2023-0036,2023-03-22,WQ-002,Station B - Reservoir,East,7.925,9.897,7.887,325.184,477.4,329.2,6.551,3.43,198,0.041,15.58,PASS,FAIL,PASS,FAIL,N/A (Raw Source)
SMP-2023-0037,2023-03-23,WQ-002,Station B - Reservoir,East,8.002,14.012,10.754,326.363,515.4,166.8,1.273,2.2,180,0.051,22.397,PASS,FAIL,PASS,FAIL,N/A (Raw Source)
SMP-2023-0038,2023-03-29,WQ-004,Station D - Distribution Main,West,7.009,1.82,6.728,156.635,228.5,148.6,3.805,1.67,9,0.773,20.055,PASS,PASS,PASS,FAIL,NO
SMP-2023-0039,2023-03-31,WQ-002,Station B - Reservoir,East,7.742,23.066,10.958,336.885,531.4,155.3,1.184,2.1,99,0.006,18.243,PASS,FAIL,PASS,FAIL,N/A (Raw Source)
SMP-2023-0040,2023-04-04,WQ-002,Station B - Reservoir,East,6.964,6.004,10.808,285.465,440,74.4,1.258,2.64,17,0.07,11.091,PASS,FAIL,PASS,FAIL,N/A (Raw Source)
SMP-2023-0041,2023-04-05,WQ-001,Station A - River Intake,North,6.67,78.998,7.871,316.789,448.8,283.1,12.379,3.81,474,0.197,24.054,PASS,FAIL,FAIL,FAIL,N/A (Raw Source)
SMP-2023-0042,2023-04-06,WQ-004,Station D - Distribution Main,West,7.447,0.906,8.766,106.687,151.9,244.8,2.021,0.8,0,0.669,15.45,PASS,PASS,PASS,PASS,YES
SMP-2023-0043,2023-04-06,WQ-003,Station C - Treatment Plant Outlet,South,7.597,0.917,8.924,162.472,259,62.9,0.929,0.55,4,0.724,21.743,PASS,PASS,PASS,FAIL,NO
SMP-2023-0044,2023-04-07,WQ-005,Station E - Consumer Tap,Central,7.791,1.63,8.979,99.925,149,238.3,2.814,2.31,14,0.571,21.294,PASS,PASS,PASS,FAIL,NO
SMP-2023-0045,2023-04-10,WQ-005,Station E - Consumer Tap,Central,7.484,2.713,6.136,155.86,224.1,189.1,4.757,1.26,13,0.51,21.201,PASS,PASS,PASS,FAIL,NO
SMP-2023-0046,2023-04-10,WQ-001,Station A - River Intake,North,7.207,48.774,6.389,588.478,904.5,98.8,14.807,4.29,352,0.107,16.952,PASS,FAIL,FAIL,FAIL,N/A (Raw Source)
SMP-2023-0047,2023-04-11,WQ-004,Station D - Distribution Main,West,7.729,1.663,8.874,254.173,357.2,162.9,2.492,0.63,4,1.133,21.929,PASS,PASS,PASS,FAIL,NO
SMP-2023-0048,2023-04-11,WQ-003,Station C - Treatment Plant Outlet,South,7.648,1.482,7.301,210.709,312.5,132,1.205,1.69,4,1.342,20.868,PASS,PASS,PASS,FAIL,NO
SMP-2023-0049,2023-04-14,WQ-001,Station A - River Intake,North,6.613,69.854,10.065,599.873,869.5,185.2,14.953,4.03,282,0.154,27.116,PASS,FAIL,FAIL,FAIL,N/A (Raw Source)
SMP-2023-0050,2023-04-15,WQ-003,Station C - Treatment Plant Outlet,South,7.103,1.436,8.212,130.301,196,281.7,2.048,2.19,3,0.858,15.795,PASS,PASS,PASS,FAIL,NO
SMP-2023-0051,2023-04-15,WQ-003,Station C - Treatment Plant Outlet,South,7.416,1.293,8.104,203.406,310,261.2,2.642,2.4,2,0.634,15.201,PASS,PASS,PASS,FAIL,NO
SMP-2023-0052,2023-04-19,WQ-001,Station A - River Intake,North,6.926,15.228,6.073,307.764,462.5,285.1,9.259,2.38,202,0.087,26.467,PASS,FAIL,PASS,FAIL,N/A (Raw Source)
SMP-2023-0053,2023-04-22,WQ-002,Station B - Reservoir,East,7.355,19.418,11.312,384.856,614.2,197.8,1.603,2.57,185,0.049,13.874,PASS,FAIL,PASS,FAIL,N/A (Raw Source)
SMP-2023-0054,2023-04-23,WQ-001,Station A - River Intake,North,7.158,52.505,7.201,184.138,264.5,153.7,2.804,2.46,72,0.03,14.221,PASS,FAIL,PASS,FAIL,N/A (Raw Source)
SMP-2023-0055,2023-04-25,WQ-002,Station B - Reservoir,East,8.056,15.271,10.338,151.696,215.1,86.2,1.942,0.99,9,0.017,14.179,PASS,FAIL,PASS,FAIL,N/A (Raw Source)
SMP-2023-0056,2023-04-25,WQ-002,Station B - Reservoir,East,7.445,7.777,8.821,251.025,395.3,326.3,5.678,0.74,8,0.08,19.419,PASS,FAIL,PASS,FAIL,N/A (Raw Source)
SMP-2023-0057,2023-04-25,WQ-003,Station C - Treatment Plant Outlet,South,7.049,0.488,8.612,244.617,360.5,188.8,0.635,2.05,1,0.87,18.392,PASS,PASS,PASS,FAIL,NO
SMP-2023-0058,2023-04-28,WQ-003,Station C - Treatment Plant Outlet,South,7.598,0.151,7.505,236.937,357,122.7,2.696,1.63,2,1.032,15.75,PASS,PASS,PASS,FAIL,NO
SMP-2023-0059,2023-05-04,WQ-002,Station B - Reservoir,East,7.177,12.564,7.1,196.624,302,286.8,2.086,2.31,66,0.012,23.358,PASS,FAIL,PASS,FAIL,N/A (Raw Source)
SMP-2023-0060,2023-05-08,WQ-005,Station E - Consumer Tap,Central,7.398,0.352,7.611,238.447,364.6,221.2,3.753,1.44,6,0.215,17.838,PASS,PASS,PASS,FAIL,NO
SMP-2023-0061,2023-05-09,WQ-005,Station E - Consumer Tap,Central,7.256,2.961,7.817,144.051,209.9,102,0.599,0.98,2,0.321,16.607,PASS,PASS,PASS,FAIL,NO
SMP-2023-0062,2023-05-12,WQ-003,Station C - Treatment Plant Outlet,South,7.717,0.212,8.049,170.287,266.2,127.4,2.949,2.66,0,0.898,21.786,PASS,PASS,PASS,PASS,YES
SMP-2023-0063,2023-05-16,WQ-004,Station D - Distribution Main,West,7.137,1.37,8.823,213.623,317.2,202.3,2.329,1.32,2,0.969,16.496,PASS,PASS,PASS,FAIL,NO
SMP-2023-0064,2023-05-22,WQ-003,Station C - Treatment Plant Outlet,South,7.194,0.261,8.221,143.499,210.6,90.3,1.786,0.63,0,0.981,18.728,PASS,PASS,PASS,PASS,YES
SMP-2023-0065,2023-05-23,WQ-005,Station E - Consumer Tap,Central,6.963,2.971,6.967,298.666,442.7,154.7,1.348,1.73,10,0.784,20.956,PASS,PASS,PASS,FAIL,NO
SMP-2023-0066,2023-05-23,WQ-001,Station A - River Intake,North,8.359,67.296,10.825,205.934,312,302.5,11.232,4.7,469,0.036,13.064,PASS,FAIL,FAIL,FAIL,N/A (Raw Source)
SMP-2023-0067,2023-05-24,WQ-005,Station E - Consumer Tap,Central,7.04,2.406,6.605,124.187,195.6,167.7,0.905,1.46,12,0.699,20.231,PASS,PASS,PASS,FAIL,NO
SMP-2023-0068,2023-05-27,WQ-002,Station B - Reservoir,East,7.943,14.296,8.885,238.804,352.7,213.1,2.76,3.49,149,0.05,13.483,PASS,FAIL,PASS,FAIL,N/A (Raw Source)
SMP-2023-0069,2023-06-06,WQ-005,Station E - Consumer Tap,Central,7.806,1.91,6.351,333.755,502.9,318.2,3.176,2.08,5,0.225,22.94,PASS,PASS,PASS,FAIL,NO
SMP-2023-0070,2023-06-06,WQ-004,Station D - Distribution Main,West,7.631,0.388,7.279,139.637,205,296.4,3.001,2.69,0,0.77,21.1,PASS,PASS,PASS,PASS,YES
SMP-2023-0071,2023-06-09,WQ-001,Station A - River Intake,North,6.721,68.484,6.637,328.779,502.4,258.2,12.162,2.72,83,0.046,23.556,PASS,FAIL,FAIL,FAIL,N/A (Raw Source)
SMP-2023-0072,2023-06-11,WQ-002,Station B - Reservoir,East,7.56,9.05,8.728,154.479,221,225.9,7.313,3.45,117,0.04,16.93,PASS,FAIL,PASS,FAIL,N/A (Raw Source)
SMP-2023-0073,2023-06-13,WQ-002,Station B - Reservoir,East,7.508,19.121,7.091,361.637,517.3,222.9,7.491,2.83,113,0.07,23.837,PASS,FAIL,PASS,FAIL,N/A (Raw Source)
SMP-2023-0074,2023-06-13,WQ-002,Station B - Reservoir,East,7.649,13.876,10.682,380.31,541.9,326.3,7.442,3.05,90,0.011,24.773,PASS,FAIL,PASS,FAIL,N/A (Raw Source)
SMP-2023-0075,2023-06-15,WQ-004,Station D - Distribution Main,West,7.696,1.086,7.978,175.761,260.1,211.2,0.314,1.35,3,1.003,15.037,PASS,PASS,PASS,FAIL,NO
SMP-2023-0076,2023-06-16,WQ-005,Station E - Consumer Tap,Central,7.82,1.104,7.041,279.125,418.6,175.7,2.316,0.96,3,0.507,16.409,PASS,PASS,PASS,FAIL,NO
SMP-2023-0077,2023-06-17,WQ-003,Station C - Treatment Plant Outlet,South,7.732,0.607,8.161,219.098,324.9,75.6,0.138,0.89,3,0.678,21.727,PASS,PASS,PASS,FAIL,NO
SMP-2023-0078,2023-06-19,WQ-002,Station B - Reservoir,East,8.196,16.061,9.977,120.123,169.1,191.6,6.125,1.19,42,0.09,13.077,PASS,FAIL,PASS,FAIL,N/A (Raw Source)
SMP-2023-0079,2023-06-20,WQ-005,Station E - Consumer Tap,Central,7.465,0.291,8.327,202.388,290.7,308.5,2.67,0.92,6,0.461,20.596,PASS,PASS,PASS,FAIL,NO
SMP-2023-0080,2023-06-25,WQ-001,Station A - River Intake,North,8.392,32.998,7.354,439.8,618.1,116.6,6.722,2.26,22,0.031,23.456,PASS,FAIL,PASS,FAIL,N/A (Raw Source)
SMP-2023-0081,2023-07-02,WQ-004,Station D - Distribution Main,West,7.185,1.377,6.549,104.986,152.1,266.7,3.22,0.75,1,0.853,16.905,PASS,PASS,PASS,FAIL,NO
SMP-2023-0082,2023-07-07,WQ-005,Station E - Consumer Tap,Central,7.756,2.508,7.192,260.383,375.4,58,1.104,0.73,4,0.907,15.13,PASS,PASS,PASS,FAIL,NO
SMP-2023-0083,2023-07-14,WQ-001,Station A - River Intake,North,6.863,48.728,8.107,551.702,802,237.2,12.444,2.86,177,0.052,18.075,PASS,FAIL,FAIL,FAIL,N/A (Raw Source)
SMP-2023-0084,2023-07-14,WQ-002,Station B - Reservoir,East,7.373,17.457,9.181,188.34,297.4,290,7.613,2.48,152,0.014,23.027,PASS,FAIL,PASS,FAIL,N/A (Raw Source)
SMP-2023-0085,2023-07-16,WQ-001,Station A - River Intake,North,7.35,6.685,7.343,393.735,592.6,101.5,9.869,3.64,136,0.028,25.359,PASS,FAIL,PASS,FAIL,N/A (Raw Source)
SMP-2023-0086,2023-07-16,WQ-005,Station E - Consumer Tap,Central,7.172,0.153,8.743,111.793,161.1,53.3,2.925,2.59,4,0.599,21.514,PASS,PASS,PASS,FAIL,NO
SMP-2023-0087,2023-07-23,WQ-001,Station A - River Intake,North,6.774,72.501,10.369,418.836,618.5,205.7,9.407,3.22,335,0.035,26.631,PASS,FAIL,PASS,FAIL,N/A (Raw Source)
SMP-2023-0088,2023-07-23,WQ-003,Station C - Treatment Plant Outlet,South,7.038,0.333,8.476,98.216,151.6,139.1,1.849,1.39,1,0.889,17.021,PASS,PASS,PASS,FAIL,NO
SMP-2023-0089,2023-07-25,WQ-004,Station D - Distribution Main,West,7.453,1.004,8.159,304.839,429.9,198.9,2.957,2,2,0.231,17.098,PASS,PASS,PASS,FAIL,NO
SMP-2023-0090,2023-08-03,WQ-003,Station C - Treatment Plant Outlet,South,7.477,0.568,8.542,103.452,149.9,295.7,0.318,1.6,3,0.995,19.819,PASS,PASS,PASS,FAIL,NO
SMP-2023-0091,2023-08-05,WQ-001,Station A - River Intake,North,8.099,57.102,7.361,415.604,618.9,105.5,6.054,3.15,54,0.183,14.189,PASS,FAIL,PASS,FAIL,N/A (Raw Source)
SMP-2023-0092,2023-08-05,WQ-005,Station E - Consumer Tap,Central,7.442,2.632,8.197,297.772,430.1,346.3,3.328,1.77,10,0.864,17.497,PASS,PASS,PASS,FAIL,NO
SMP-2023-0093,2023-08-06,WQ-004,Station D - Distribution Main,West,7.755,0.175,8.264,302.06,440.8,327.3,0.804,2.27,5,1.115,15.272,PASS,PASS,PASS,FAIL,NO
SMP-2023-0094,2023-08-07,WQ-001,Station A - River Intake,North,8.442,75.82,8.371,537.919,777.8,86.2,12.824,2.82,166,0.166,12.592,PASS,FAIL,FAIL,FAIL,N/A (Raw Source)
SMP-2023-0095,2023-08-08,WQ-001,Station A - River Intake,North,6.654,57.222,7.699,476.145,726.2,315.8,1.915,2.12,164,0.108,24.652,PASS,FAIL,PASS,FAIL,N/A (Raw Source)
SMP-2023-0096,2023-08-09,WQ-002,Station B - Reservoir,East,7.662,8.523,7.122,361.03,577.5,155.2,0.66,3.37,175,0.053,24.086,PASS,FAIL,PASS,FAIL,N/A (Raw Source)
SMP-2023-0097,2023-08-12,WQ-003,Station C - Treatment Plant Outlet,South,7.614,0.663,7.96,218.051,337.4,121.6,2.634,1.57,4,1.268,17.924,PASS,PASS,PASS,FAIL,NO
SMP-2023-0098,2023-08-13,WQ-003,Station C - Treatment Plant Outlet,South,7.088,0.596,7.574,145.188,214.4,253.9,0.777,1.57,0,0.518,21.914,PASS,PASS,PASS,PASS,YES
SMP-2023-0099,2023-08-13,WQ-001,Station A - River Intake,North,6.937,76.247,9.932,190.235,272.7,347.4,6.846,4.23,440,0.189,19.478,PASS,FAIL,PASS,FAIL,N/A (Raw Source)
SMP-2023-0100,2023-08-14,WQ-002,Station B - Reservoir,East,7.124,28.396,10.248,282.321,439.3,155,4.345,1.2,46,0.018,13.307,PASS,FAIL,PASS,FAIL,N/A (Raw Source)
SMP-2023-0101,2023-08-14,WQ-005,Station E - Consumer Tap,Central,6.958,2.91,8.651,330.493,472.9,294.7,4.975,2.25,2,0.457,22.582,PASS,PASS,PASS,FAIL,NO
SMP-2023-0102,2023-08-17,WQ-005,Station E - Consumer Tap,Central,7.124,0.749,7.611,240.094,378.8,336.7,2.942,0.83,1,0.89,17.656,PASS,PASS,PASS,FAIL,NO
SMP-2023-0103,2023-08-19,WQ-001,Station A - River Intake,North,8.224,65.714,9.276,397.886,596.5,74.3,2.218,3.36,210,0.075,16.156,PASS,FAIL,PASS,FAIL,N/A (Raw Source)
SMP-2023-0104,2023-08-22,WQ-002,Station B - Reservoir,East,7.108,21.131,7.381,355.362,545.7,219.7,4.214,1.85,96,0.059,22.37,PASS,FAIL,PASS,FAIL,N/A (Raw Source)
SMP-2023-0105,2023-08-23,WQ-004,Station D - Distribution Main,West,7.214,1.769,8.494,238.028,365.6,235.6,3.417,2.28,8,0.908,21.696,PASS,PASS,PASS,FAIL,NO
SMP-2023-0106,2023-08-23,WQ-004,Station D - Distribution Main,West,7.602,0.401,8.702,289.242,414.2,295.4,0.214,2.4,8,0.329,17.681,PASS,PASS,PASS,FAIL,NO
SMP-2023-0107,2023-08-24,WQ-002,Station B - Reservoir,East,7.965,16.209,7.032,186.111,280.7,284,5.127,3.07,196,0.063,13.897,PASS,FAIL,PASS,FAIL,N/A (Raw Source)
SMP-2023-0108,2023-08-27,WQ-003,Station C - Treatment Plant Outlet,South,7.086,1.165,8.083,291.858,448.8,70.4,1.091,2.86,3,1.432,15.718,PASS,PASS,PASS,FAIL,NO
SMP-2023-0109,2023-08-27,WQ-005,Station E - Consumer Tap,Central,7.201,2.154,6.202,237.186,378,274.9,1.795,2.98,9,0.141,23.715,PASS,PASS,PASS,FAIL,NO
SMP-2023-0110,2023-08-31,WQ-005,Station E - Consumer Tap,Central,7.03,2.299,6.074,85.973,125.1,349.1,1.686,1.65,7,0.793,21.833,PASS,PASS,PASS,FAIL,NO
SMP-2023-0111,2023-09-01,WQ-004,Station D - Distribution Main,West,7.341,0.958,6.909,270.754,393.9,335.3,2.805,2.15,2,0.282,20.444,PASS,PASS,PASS,FAIL,NO
SMP-2023-0112,2023-09-03,WQ-005,Station E - Consumer Tap,Central,7.051,1.354,8.831,193.326,305.2,119,3.229,1.55,5,0.347,24.84,PASS,PASS,PASS,FAIL,NO
SMP-2023-0113,2023-09-04,WQ-002,Station B - Reservoir,East,7.098,2.872,10.258,210.558,327.5,281.3,6.983,3.15,95,0.097,12.783,PASS,PASS,PASS,FAIL,N/A (Raw Source)
SMP-2023-0114,2023-09-06,WQ-001,Station A - River Intake,North,8.19,62.077,9.131,209.06,297.6,87.6,1.455,4.01,461,0.123,24.745,PASS,FAIL,PASS,FAIL,N/A (Raw Source)
SMP-2023-0115,2023-09-08,WQ-004,Station D - Distribution Main,West,7.548,0.918,7.001,197.983,295.2,53.5,0.35,1.3,5,0.469,21.38,PASS,PASS,PASS,FAIL,NO
SMP-2023-0116,2023-09-08,WQ-001,Station A - River Intake,North,6.645,34.437,8.4,420.009,628.4,81.5,5.083,2.35,350,0.172,24.478,PASS,FAIL,PASS,FAIL,N/A (Raw Source)
SMP-2023-0117,2023-09-10,WQ-003,Station C - Treatment Plant Outlet,South,7.194,1.481,7.285,189.755,285.3,76.4,1.893,1.33,3,1.06,15.068,PASS,PASS,PASS,FAIL,NO
SMP-2023-0118,2023-09-11,WQ-001,Station A - River Intake,North,7.201,7.49,6.393,328.615,471.1,81.4,2.858,2.44,288,0.138,24.809,PASS,FAIL,PASS,FAIL,N/A (Raw Source)
SMP-2023-0119,2023-09-12,WQ-005,Station E - Consumer Tap,Central,7.536,2.149,6.095,332.777,519.2,151.8,0.355,2.33,8,0.738,23.71,PASS,PASS,PASS,FAIL,NO
SMP-2023-0120,2023-09-13,WQ-004,Station D - Distribution Main,West,7.652,0.252,8.737,211.422,299.4,68.1,3.287,2.35,4,0.844,19.211,PASS,PASS,PASS,FAIL,NO
SMP-2023-0121,2023-09-15,WQ-003,Station C - Treatment Plant Outlet,South,7.198,0.323,8.744,128.227,192.3,216.6,2.93,2.15,1,0.682,20.528,PASS,PASS,PASS,FAIL,NO
SMP-2023-0122,2023-09-27,WQ-004,Station D - Distribution Main,West,7.575,0.534,8.991,313.95,455.7,188.8,2.636,0.58,1,0.88,15.578,PASS,PASS,PASS,FAIL,NO
SMP-2023-0123,2023-09-27,WQ-004,Station D - Distribution Main,West,7.695,1.482,8.357,182.118,276,181.6,1.449,2.68,3,1.188,15.321,PASS,PASS,PASS,FAIL,NO
SMP-2023-0124,2023-09-28,WQ-002,Station B - Reservoir,East,7.815,15.627,11.367,370.211,564.4,239.5,3.663,1.31,56,0.059,23.685,PASS,FAIL,PASS,FAIL,N/A (Raw Source)
SMP-2023-0125,2023-09-29,WQ-001,Station A - River Intake,North,7.966,14.868,9.579,559.065,837.7,124.2,3.516,3.27,126,0.194,14.896,PASS,FAIL,PASS,FAIL,N/A (Raw Source)
SMP-2023-0126,2023-09-29,WQ-004,Station D - Distribution Main,West,7.697,0.946,7.787,166.216,254.5,147.6,2.413,1.15,1,0.591,22.755,PASS,PASS,PASS,FAIL,NO
SMP-2023-0127,2023-10-01,WQ-002,Station B - Reservoir,East,7.883,5.664,11.849,236.137,369.7,179.3,2.27,1.42,15,0.017,17.797,PASS,FAIL,PASS,FAIL,N/A (Raw Source)
SMP-2023-0128,2023-10-01,WQ-001,Station A - River Intake,North,6.997,51.286,9.534,225.169,353.3,291.7,3.347,1.82,27,0.147,22.621,PASS,FAIL,PASS,FAIL,N/A (Raw Source)
SMP-2023-0129,2023-10-02,WQ-003,Station C - Treatment Plant Outlet,South,7.468,1.316,7.412,104.622,149,185.7,0.882,0.6,0,1.031,21.556,PASS,PASS,PASS,PASS,YES
SMP-2023-0130,2023-10-04,WQ-001,Station A - River Intake,North,8.368,28.712,8.536,168.708,257.8,310.4,3.077,5.34,493,0.193,12.079,PASS,FAIL,PASS,FAIL,N/A (Raw Source)
SMP-2023-0131,2023-10-09,WQ-005,Station E - Consumer Tap,Central,7.355,1.595,7.467,260.053,399.1,341,0.784,1,0,0.377,22.047,PASS,PASS,PASS,PASS,YES
SMP-2023-0132,2023-10-12,WQ-002,Station B - Reservoir,East,6.931,20.833,9.219,360.443,540.5,235.4,1.829,2.9,138,0.084,24.169,PASS,FAIL,PASS,FAIL,N/A (Raw Source)
SMP-2023-0133,2023-10-12,WQ-005,Station E - Consumer Tap,Central,7.769,1.755,6.091,331.356,507.1,82,3.479,1.53,10,0.294,21.589,PASS,PASS,PASS,FAIL,NO
SMP-2023-0134,2023-10-12,WQ-005,Station E - Consumer Tap,Central,7.558,2.998,6.145,343.837,541.8,171.2,2.094,2.41,13,0.804,20.67,PASS,PASS,PASS,FAIL,NO
SMP-2023-0135,2023-10-13,WQ-002,Station B - Reservoir,East,7.258,20.693,11.039,328.686,460.5,147.4,6.484,2.3,87,0.082,11.803,PASS,FAIL,PASS,FAIL,N/A (Raw Source)
SMP-2023-0136,2023-10-13,WQ-004,Station D - Distribution Main,West,7.293,0.853,8.239,173.254,263.5,250.5,1.85,0.69,2,0.573,16.818,PASS,PASS,PASS,FAIL,NO
SMP-2023-0137,2023-10-24,WQ-002,Station B - Reservoir,East,7.667,14.978,8.899,359,531.2,224.1,4.393,1.93,96,0.003,15.119,PASS,FAIL,PASS,FAIL,N/A (Raw Source)
SMP-2023-0138,2023-10-28,WQ-002,Station B - Reservoir,East,7.547,19.021,10.824,343.896,526,319.4,5.886,1.47,191,0.002,12.937,PASS,FAIL,PASS,FAIL,N/A (Raw Source)
SMP-2023-0139,2023-10-28,WQ-001,Station A - River Intake,North,6.987,74.528,6.301,570.496,833.8,290.9,5.923,1.51,59,0.097,16.108,PASS,FAIL,PASS,FAIL,N/A (Raw Source)
SMP-2023-0140,2023-11-02,WQ-004,Station D - Distribution Main,West,7.431,0.691,8.026,251.876,361.8,207.5,1.163,2.22,4,0.322,16.449,PASS,PASS,PASS,FAIL,NO
SMP-2023-0141,2023-11-11,WQ-002,Station B - Reservoir,East,7.793,4.993,9.837,176.969,270.2,335.4,7.722,1.09,97,0.081,18.253,PASS,FAIL,PASS,FAIL,N/A (Raw Source)
SMP-2023-0142,2023-11-16,WQ-003,Station C - Treatment Plant Outlet,South,7.481,1.247,8.768,130.178,191.5,121.1,0.715,2.77,3,0.911,20.879,PASS,PASS,PASS,FAIL,NO
SMP-2023-0143,2023-11-19,WQ-004,Station D - Distribution Main,West,7.624,0.622,8.557,181.697,260.5,271.1,2.703,1.97,0,0.824,18.614,PASS,PASS,PASS,PASS,YES
SMP-2023-0144,2023-11-20,WQ-005,Station E - Consumer Tap,Central,7.763,0.729,6.287,86.382,131.2,199,3.246,1.52,9,0.592,17.319,PASS,PASS,PASS,FAIL,NO
SMP-2023-0145,2023-11-28,WQ-002,Station B - Reservoir,East,8.183,5.82,10.476,221.296,314.4,267.3,3.711,1.54,143,0.069,24.869,PASS,FAIL,PASS,FAIL,N/A (Raw Source)
SMP-2023-0146,2023-11-29,WQ-001,Station A - River Intake,North,7.657,25.562,6.397,188.546,266.6,205.7,13.519,1.91,104,0.065,15.627,PASS,FAIL,FAIL,FAIL,N/A (Raw Source)
SMP-2023-0147,2023-12-05,WQ-005,Station E - Consumer Tap,Central,6.968,2.421,6.701,225.803,346.4,348.2,4.412,1.38,9,0.58,18.243,PASS,PASS,PASS,FAIL,NO
SMP-2023-0148,2023-12-11,WQ-002,Station B - Reservoir,East,7.727,17.618,10.653,239.562,345,210.7,0.951,2.79,112,0.096,12.63,PASS,FAIL,PASS,FAIL,N/A (Raw Source)
SMP-2023-0149,2023-12-13,WQ-003,Station C - Treatment Plant Outlet,South,7.077,0.731,8.512,156.466,223.8,347.7,2.028,1.51,3,1.427,16.642,PASS,PASS,PASS,FAIL,NO
SMP-2023-0150,2023-12-14,WQ-005,Station E - Consumer Tap,Central,7.827,1.666,8.526,220.659,343.4,262.6,3.156,2.57,1,0.78,16.277,PASS,PASS,PASS,FAIL,NO
SMP-2023-0151,2023-12-15,WQ-001,Station A - River Intake,North,6.572,27.735,7.316,312.061,464.8,230.2,2.227,3.84,469,0.111,16.888,PASS,FAIL,PASS,FAIL,N/A (Raw Source)
SMP-2023-0152,2023-12-15,WQ-003,Station C - Treatment Plant Outlet,South,7.413,1.387,7.994,298.275,440.3,313.4,2.569,2.55,1,1.431,15.815,PASS,PASS,PASS,FAIL,NO
SMP-2023-0153,2023-12-19,WQ-002,Station B - Reservoir,East,8.015,24.566,10.95,191.404,305.3,242.3,1.107,1.77,81,0.017,20.424,PASS,FAIL,PASS,FAIL,N/A (Raw Source)
SMP-2023-0154,2023-12-29,WQ-004,Station D - Distribution Main,West,7.658,0.352,8.655,301.462,446.1,93.9,2,1.79,6,0.965,16.399,PASS,PASS,PASS,FAIL,NO
SMP-2023-0155,2023-12-30,WQ-003,Station C - Treatment Plant Outlet,South,7.294,0.195,7.052,109.737,164.7,181.9,2.893,1.29,2,1.466,18.027,PASS,PASS,PASS,FAIL,NO
SMP-2024-0156,2024-01-03,WQ-005,Station E - Consumer Tap,Central,7.006,1.958,6.648,247.289,349.1,348.5,3.286,1.66,2,0.155,22.808,PASS,PASS,PASS,FAIL,NO
SMP-2024-0157,2024-01-06,WQ-001,Station A - River Intake,North,6.616,57.128,10.918,257.631,363.9,202.8,2.991,2.58,69,0.061,13.617,PASS,FAIL,PASS,FAIL,N/A (Raw Source)
SMP-2024-0158,2024-01-06,WQ-005,Station E - Consumer Tap,Central,7.897,2.461,7.846,162.688,242.4,108.4,3.157,2.75,7,0.483,16.307,PASS,PASS,PASS,FAIL,NO
SMP-2024-0159,2024-01-07,WQ-001,Station A - River Intake,North,7.236,36.06,10.138,480.126,697.1,278.1,11.77,0.62,15,0.083,19.702,PASS,FAIL,FAIL,FAIL,N/A (Raw Source)
SMP-2024-0160,2024-01-09,WQ-001,Station A - River Intake,North,6.774,45.148,7.076,155.454,221,214.4,4.377,4.16,488,0.16,27.353,PASS,FAIL,PASS,FAIL,N/A (Raw Source)
SMP-2024-0161,2024-01-15,WQ-003,Station C - Treatment Plant Outlet,South,7.364,1.282,7.196,187.413,277.2,187.8,0.535,1.44,1,1.237,18.332,PASS,PASS,PASS,FAIL,NO
SMP-2024-0162,2024-01-18,WQ-003,Station C - Treatment Plant Outlet,South,7.628,1.349,8.911,253.119,356.3,320.5,1.015,2.62,3,0.938,16.783,PASS,PASS,PASS,FAIL,NO
SMP-2024-0163,2024-01-18,WQ-005,Station E - Consumer Tap,Central,7.361,1.948,7.978,321.682,497.8,203.7,3.22,0.92,9,0.16,20.184,PASS,PASS,PASS,FAIL,NO
SMP-2024-0164,2024-01-23,WQ-004,Station D - Distribution Main,West,7.544,0.179,6.712,251.918,370.5,139,0.381,2.34,0,0.212,22.652,PASS,PASS,PASS,PASS,YES
SMP-2024-0165,2024-01-24,WQ-005,Station E - Consumer Tap,Central,7.25,2.346,7.984,130.003,182.5,74.7,0.953,1.17,1,0.694,22.644,PASS,PASS,PASS,FAIL,NO
SMP-2024-0166,2024-01-25,WQ-004,Station D - Distribution Main,West,7.774,0.661,8.423,229.919,351.5,209.1,1.59,2.45,2,0.321,19.92,PASS,PASS,PASS,FAIL,NO
SMP-2024-0167,2024-01-25,WQ-001,Station A - River Intake,North,6.584,77.637,9.994,281.77,431.5,88.4,14.72,4.05,304,0.116,23.969,PASS,FAIL,FAIL,FAIL,N/A (Raw Source)
SMP-2024-0168,2024-01-26,WQ-003,Station C - Treatment Plant Outlet,South,7.271,1.399,7.449,161.877,230.6,109.2,1.353,1.11,2,1.113,21.602,PASS,PASS,PASS,FAIL,NO
SMP-2024-0169,2024-01-30,WQ-005,Station E - Consumer Tap,Central,7.787,1.973,6.858,300.306,448.1,302.6,4.321,2.45,12,0.927,17.522,PASS,PASS,PASS,FAIL,NO
SMP-2024-0170,2024-02-10,WQ-005,Station E - Consumer Tap,Central,7.628,2.352,7.968,127.906,182.4,267.8,2.771,0.98,14,0.944,15.432,PASS,PASS,PASS,FAIL,NO
SMP-2024-0171,2024-02-13,WQ-004,Station D - Distribution Main,West,7.654,0.506,7.765,281.769,426.3,256.7,2.958,1.27,5,0.79,19.067,PASS,PASS,PASS,FAIL,NO
SMP-2024-0172,2024-02-13,WQ-004,Station D - Distribution Main,West,7.699,1.309,8.403,118.417,168.1,170.4,1.9,2.98,0,0.447,20.812,PASS,PASS,PASS,PASS,YES
SMP-2024-0173,2024-02-15,WQ-001,Station A - River Intake,North,8.1,20.303,8.775,479.882,672.3,278.3,9.624,2.4,102,0.071,24.541,PASS,FAIL,PASS,FAIL,N/A (Raw Source)
SMP-2024-0174,2024-02-15,WQ-005,Station E - Consumer Tap,Central,6.935,2.263,6.607,338.68,541.6,160.5,1.903,2.71,4,0.234,18.056,PASS,PASS,PASS,FAIL,NO
SMP-2024-0175,2024-02-17,WQ-003,Station C - Treatment Plant Outlet,South,7.359,1.111,8.772,210.47,309.6,288.3,1.235,2.06,2,1.196,15.023,PASS,PASS,PASS,FAIL,NO
SMP-2024-0176,2024-02-21,WQ-004,Station D - Distribution Main,West,7.074,1.218,7.702,234.158,359.5,291.5,0.353,2.03,5,0.761,19.485,PASS,PASS,PASS,FAIL,NO
SMP-2024-0177,2024-02-21,WQ-002,Station B - Reservoir,East,7.178,25.101,9.491,123.117,185.1,182.1,0.939,2.81,67,0.078,20.615,PASS,FAIL,PASS,FAIL,N/A (Raw Source)
SMP-2024-0178,2024-02-25,WQ-004,Station D - Distribution Main,West,7.118,0.724,7.585,101.264,154.8,176.4,0.96,2.86,5,0.936,22.987,PASS,PASS,PASS,FAIL,NO
SMP-2024-0179,2024-03-05,WQ-003,Station C - Treatment Plant Outlet,South,7.509,1.2,7.237,170.179,250.6,150.4,2.535,0.97,1,1.072,19.114,PASS,PASS,PASS,FAIL,NO
SMP-2024-0180,2024-03-08,WQ-001,Station A - River Intake,North,6.552,6.814,10.158,272.882,429.7,302.6,8.253,2.35,156,0.188,16.149,PASS,FAIL,PASS,FAIL,N/A (Raw Source)
SMP-2024-0181,2024-03-08,WQ-004,Station D - Distribution Main,West,7.149,1.625,7.645,195.913,302.9,279.7,0.621,1.59,0,0.928,18.972,PASS,PASS,PASS,PASS,YES
SMP-2024-0182,2024-03-08,WQ-002,Station B - Reservoir,East,7.022,19.086,7.677,325.413,472.6,124.1,5.427,2.16,191,0.007,10.856,PASS,FAIL,PASS,FAIL,N/A (Raw Source)
SMP-2024-0183,2024-03-08,WQ-004,Station D - Distribution Main,West,7.725,0.574,7.18,262.256,370.4,321.9,1.854,0.62,7,0.265,18.901,PASS,PASS,PASS,FAIL,NO
SMP-2024-0184,2024-03-09,WQ-001,Station A - River Intake,North,6.778,44.932,8.055,306.304,486.2,65.7,13.598,2,20,0.133,27.414,PASS,FAIL,FAIL,FAIL,N/A (Raw Source)
SMP-2024-0185,2024-03-09,WQ-003,Station C - Treatment Plant Outlet,South,7.335,0.464,8.462,295.885,471.8,232.6,0.844,1.67,3,0.698,18.957,PASS,PASS,PASS,FAIL,NO
SMP-2024-0186,2024-03-14,WQ-003,Station C - Treatment Plant Outlet,South,7.28,0.26,7.302,129.57,203.7,266.8,0.828,0.81,4,1.061,18.664,PASS,PASS,PASS,FAIL,NO
SMP-2024-0187,2024-03-17,WQ-005,Station E - Consumer Tap,Central,6.968,2.153,7.631,102.066,156.5,188.7,2.346,2.66,7,0.249,24.457,PASS,PASS,PASS,FAIL,NO
SMP-2024-0188,2024-03-21,WQ-002,Station B - Reservoir,East,7.376,20.227,9.727,118.682,170.9,127.6,4.344,3.27,161,0.046,10.779,PASS,FAIL,PASS,FAIL,N/A (Raw Source)
SMP-2024-0189,2024-03-24,WQ-002,Station B - Reservoir,East,7.031,11.246,10.784,255.816,381.2,345.5,2.037,1.97,175,0.088,23.059,PASS,FAIL,PASS,FAIL,N/A (Raw Source)
SMP-2024-0190,2024-03-29,WQ-004,Station D - Distribution Main,West,7.618,0.152,6.663,191.344,299.3,164.1,3.646,2.17,5,0.698,15.844,PASS,PASS,PASS,FAIL,NO
SMP-2024-0191,2024-04-04,WQ-004,Station D - Distribution Main,West,7.62,1.933,7.009,205.599,304.1,324.5,1.22,2.53,7,0.778,20.077,PASS,PASS,PASS,FAIL,NO
SMP-2024-0192,2024-04-04,WQ-002,Station B - Reservoir,East,7.546,6.423,10.479,337.978,482.7,110.6,2.876,3.81,171,0.091,14.154,PASS,FAIL,PASS,FAIL,N/A (Raw Source)
SMP-2024-0193,2024-04-07,WQ-003,Station C - Treatment Plant Outlet,South,7.147,1.352,8.309,113.463,170.3,340.1,1.377,2.52,3,0.583,21.177,PASS,PASS,PASS,FAIL,NO
SMP-2024-0194,2024-04-09,WQ-004,Station D - Distribution Main,West,7.334,1.97,8.17,232.321,351.3,208.2,0.747,0.57,8,0.627,16.298,PASS,PASS,PASS,FAIL,NO
SMP-2024-0195,2024-04-09,WQ-003,Station C - Treatment Plant Outlet,South,7.575,1.346,7.159,240.929,352.4,191.4,0.643,2.3,4,1.319,18.786,PASS,PASS,PASS,FAIL,NO
SMP-2024-0196,2024-04-14,WQ-004,Station D - Distribution Main,West,7.657,0.973,7.394,198.611,282.1,122,3.33,2.58,3,0.374,20.696,PASS,PASS,PASS,FAIL,NO
SMP-2024-0197,2024-04-15,WQ-005,Station E - Consumer Tap,Central,7.042,1.109,7.351,282.183,450.3,240.2,3.291,1.72,9,0.417,23.414,PASS,PASS,PASS,FAIL,NO
SMP-2024-0198,2024-04-18,WQ-004,Station D - Distribution Main,West,7.101,1.385,7.313,244.719,356.3,242.9,0.372,2.6,1,1.056,16.817,PASS,PASS,PASS,FAIL,NO
SMP-2024-0199,2024-04-18,WQ-004,Station D - Distribution Main,West,7.555,1.074,7.263,131.035,203.5,286.5,0.229,2.69,3,0.853,22.506,PASS,PASS,PASS,FAIL,NO
SMP-2024-0200,2024-04-23,WQ-002,Station B - Reservoir,East,7.731,9.288,11.536,301.22,454.6,164.1,4.703,2.78,23,0.045,16.905,PASS,FAIL,PASS,FAIL,N/A (Raw Source)
SMP-2024-0201,2024-04-24,WQ-004,Station D - Distribution Main,West,7.781,0.31,7.556,90.086,142.5,276.2,2.986,1.28,9,0.48,21.867,PASS,PASS,PASS,FAIL,NO
SMP-2024-0202,2024-04-29,WQ-004,Station D - Distribution Main,West,7.644,0.134,8.907,254.401,392,212.2,1.289,0.82,8,0.482,21.982,PASS,PASS,PASS,FAIL,NO
SMP-2024-0203,2024-04-29,WQ-001,Station A - River Intake,North,6.693,23.142,6.062,360.946,508.8,320.9,5.218,3.87,303,0.059,16.799,PASS,FAIL,PASS,FAIL,N/A (Raw Source)
SMP-2024-0204,2024-05-01,WQ-005,Station E - Consumer Tap,Central,7.752,2.037,7.78,320.922,486.7,348.6,1.008,0.59,1,0.316,22.946,PASS,PASS,PASS,FAIL,NO
SMP-2024-0205,2024-05-07,WQ-002,Station B - Reservoir,East,7.998,16.6,7.318,349.412,547.1,313.7,4.992,2.29,23,0.009,23.644,PASS,FAIL,PASS,FAIL,N/A (Raw Source)
SMP-2024-0206,2024-05-12,WQ-002,Station B - Reservoir,East,7.6,16.488,9.152,195.084,296.8,239.4,3.759,2.38,155,0.06,23.388,PASS,FAIL,PASS,FAIL,N/A (Raw Source)
SMP-2024-0207,2024-05-12,WQ-005,Station E - Consumer Tap,Central,7.492,2.138,6.712,218.338,331.9,273.1,0.611,2.9,5,0.539,21.522,PASS,PASS,PASS,FAIL,NO
SMP-2024-0208,2024-05-12,WQ-001,Station A - River Intake,North,7.513,52.558,6.355,264.476,421.7,149.4,6.066,2.4,241,0.009,14.24,PASS,FAIL,PASS,FAIL,N/A (Raw Source)
SMP-2024-0209,2024-05-15,WQ-001,Station A - River Intake,North,7.464,19.707,9.054,276.307,388.9,82.4,3.898,2.36,263,0.001,12.123,PASS,FAIL,PASS,FAIL,N/A (Raw Source)
SMP-2024-0210,2024-05-20,WQ-005,Station E - Consumer Tap,Central,7.239,2.427,7.716,218.42,310.8,153.6,1.538,2.11,13,0.457,15.871,PASS,PASS,PASS,FAIL,NO
SMP-2024-0211,2024-05-26,WQ-004,Station D - Distribution Main,West,7.406,1.761,7.734,248.542,368.4,322.3,3.972,1.56,1,0.475,18.157,PASS,PASS,PASS,FAIL,NO
SMP-2024-0212,2024-05-27,WQ-004,Station D - Distribution Main,West,7.571,1.255,7.273,277.71,403.1,67.9,3.825,0.67,8,0.202,20.091,PASS,PASS,PASS,FAIL,NO
SMP-2024-0213,2024-06-01,WQ-003,Station C - Treatment Plant Outlet,South,7.483,1.061,7.229,164.445,232.6,74.1,1.423,2.38,1,0.621,17.933,PASS,PASS,PASS,FAIL,NO
SMP-2024-0214,2024-06-03,WQ-005,Station E - Consumer Tap,Central,7.255,2.831,8.006,263.241,400.8,312.1,1.873,2.82,8,0.109,21.361,PASS,PASS,PASS,FAIL,NO
SMP-2024-0215,2024-06-03,WQ-003,Station C - Treatment Plant Outlet,South,7.579,0.269,8.805,94.618,141.7,223.2,1.649,1.24,0,0.512,17.954,PASS,PASS,PASS,PASS,YES
SMP-2024-0216,2024-06-05,WQ-004,Station D - Distribution Main,West,7.035,0.334,7.897,162.36,249.2,132.6,2.944,1.6,6,1.046,20.54,PASS,PASS,PASS,FAIL,NO
SMP-2024-0217,2024-06-10,WQ-002,Station B - Reservoir,East,7.229,24.092,9.232,339.514,514.9,161.4,6.668,2.15,171,0.092,16.465,PASS,FAIL,PASS,FAIL,N/A (Raw Source)
SMP-2024-0218,2024-06-13,WQ-002,Station B - Reservoir,East,7.642,21.756,10.442,212.366,303.9,57.6,1.751,1.79,86,0.014,23.351,PASS,FAIL,PASS,FAIL,N/A (Raw Source)
SMP-2024-0219,2024-06-24,WQ-001,Station A - River Intake,North,7.792,52.768,7.703,182.27,263.1,346.4,6.735,2.22,162,0.135,21.692,PASS,FAIL,PASS,FAIL,N/A (Raw Source)
SMP-2024-0220,2024-06-25,WQ-004,Station D - Distribution Main,West,7.363,1.408,6.851,196.542,276.4,166.4,0.207,0.62,5,1.164,18.074,PASS,PASS,PASS,FAIL,NO
SMP-2024-0221,2024-06-27,WQ-005,Station E - Consumer Tap,Central,7.06,0.168,8.269,203.801,321.5,230.9,1.517,1.35,13,0.205,24.559,PASS,PASS,PASS,FAIL,NO
SMP-2024-0222,2024-06-29,WQ-005,Station E - Consumer Tap,Central,7.727,2.954,6.865,339.507,512.9,212.5,2.008,0.91,5,0.406,20.414,PASS,PASS,PASS,FAIL,NO
SMP-2024-0223,2024-06-30,WQ-005,Station E - Consumer Tap,Central,7.662,2.518,7.321,161.63,257.5,217.3,1.371,1.19,2,0.152,18.424,PASS,PASS,PASS,FAIL,NO
SMP-2024-0224,2024-07-03,WQ-004,Station D - Distribution Main,West,7.278,1.203,6.848,186.57,284.5,220.8,2.542,2.72,4,0.602,22.951,PASS,PASS,PASS,FAIL,NO
SMP-2024-0225,2024-07-03,WQ-002,Station B - Reservoir,East,7.669,7.637,8.976,111.838,172.7,210,4.067,3.32,109,0.023,24.46,PASS,FAIL,PASS,FAIL,N/A (Raw Source)
SMP-2024-0226,2024-07-03,WQ-005,Station E - Consumer Tap,Central,7.77,0.479,8.372,113.702,169.7,344.3,3.992,0.89,4,0.889,24.44,PASS,PASS,PASS,FAIL,NO
SMP-2024-0227,2024-07-05,WQ-004,Station D - Distribution Main,West,7.387,1.741,7.972,170.079,254.9,223.2,1.215,1.79,2,0.962,18.092,PASS,PASS,PASS,FAIL,NO
SMP-2024-0228,2024-07-06,WQ-003,Station C - Treatment Plant Outlet,South,7.692,1.473,7.815,262.054,411.6,181.7,2.317,0.78,2,1.456,16.403,PASS,PASS,PASS,FAIL,NO
SMP-2024-0229,2024-07-06,WQ-003,Station C - Treatment Plant Outlet,South,7.678,1.35,7.125,274.362,410.3,256.3,1.4,0.56,2,1.127,21.485,PASS,PASS,PASS,FAIL,NO
SMP-2024-0230,2024-07-06,WQ-005,Station E - Consumer Tap,Central,7.623,2.108,6.403,160.837,225.5,349.3,1.858,2.95,12,0.351,17.107,PASS,PASS,PASS,FAIL,NO
SMP-2024-0231,2024-07-07,WQ-001,Station A - River Intake,North,7.854,67.135,7.473,156.442,243.1,247.6,11.33,4.47,418,0.148,14.286,PASS,FAIL,FAIL,FAIL,N/A (Raw Source)
SMP-2024-0232,2024-07-12,WQ-001,Station A - River Intake,North,8.032,68.444,9.068,189.872,279.1,83.3,7.827,0.91,48,0.082,18.514,PASS,FAIL,PASS,FAIL,N/A (Raw Source)
SMP-2024-0233,2024-07-12,WQ-003,Station C - Treatment Plant Outlet,South,7.647,1.427,7.145,290.125,447.2,65.1,1.615,2.49,1,0.577,18.504,PASS,PASS,PASS,FAIL,NO
SMP-2024-0234,2024-07-16,WQ-003,Station C - Treatment Plant Outlet,South,7.058,0.664,7.591,131.125,192,192.9,0.915,2.79,4,1.429,17.836,PASS,PASS,PASS,FAIL,NO
SMP-2024-0235,2024-07-17,WQ-003,Station C - Treatment Plant Outlet,South,7.181,0.997,8.958,212.768,317,225.8,1.138,1.77,3,0.623,21.221,PASS,PASS,PASS,FAIL,NO
SMP-2024-0236,2024-07-19,WQ-002,Station B - Reservoir,East,7.675,4.01,10.413,172.58,246.5,282.6,5.855,2.62,164,0.08,18.288,PASS,FAIL,PASS,FAIL,N/A (Raw Source)
SMP-2024-0237,2024-07-20,WQ-004,Station D - Distribution Main,West,7.217,1.044,7.211,112.119,168.4,64.1,2.555,0.5,0,0.949,17.541,PASS,PASS,PASS,PASS,YES
SMP-2024-0238,2024-07-21,WQ-003,Station C - Treatment Plant Outlet,South,7.221,1.09,7.125,264.654,389.6,131.1,0.111,0.76,1,1.241,17.214,PASS,PASS,PASS,FAIL,NO
SMP-2024-0239,2024-07-24,WQ-005,Station E - Consumer Tap,Central,7.743,1.009,8.367,320.805,493.2,198.1,2.226,0.79,13,0.44,24.641,PASS,PASS,PASS,FAIL,NO
SMP-2024-0240,2024-07-28,WQ-005,Station E - Consumer Tap,Central,7.288,1.935,8.112,81.178,129.1,260.8,0.918,2.45,10,0.7,24.66,PASS,PASS,PASS,FAIL,NO
SMP-2024-0241,2024-07-28,WQ-003,Station C - Treatment Plant Outlet,South,7.238,0.248,8.564,221.713,330.7,112.7,0.24,1.59,1,1.457,18.503,PASS,PASS,PASS,FAIL,NO
SMP-2024-0242,2024-08-03,WQ-005,Station E - Consumer Tap,Central,7.269,1.172,6.157,287.243,429.3,314,2.141,2.2,12,0.865,17.12,PASS,PASS,PASS,FAIL,NO
SMP-2024-0243,2024-08-03,WQ-003,Station C - Treatment Plant Outlet,South,7.173,1.049,8.216,144.966,214.4,264,0.496,2.13,3,1.239,17.209,PASS,PASS,PASS,FAIL,NO
SMP-2024-0244,2024-08-07,WQ-001,Station A - River Intake,North,6.898,71.766,7.437,315.504,442.6,163.7,1.813,2.91,64,0.103,16.281,PASS,FAIL,PASS,FAIL,N/A (Raw Source)
SMP-2024-0245,2024-08-13,WQ-005,Station E - Consumer Tap,Central,7.237,0.156,6.373,191.684,286.1,339,2.515,0.55,6,0.578,20.951,PASS,PASS,PASS,FAIL,NO
SMP-2024-0246,2024-08-14,WQ-003,Station C - Treatment Plant Outlet,South,7.415,1.049,7.624,250.278,388.9,292.1,2.341,0.55,2,1.476,15.879,PASS,PASS,PASS,FAIL,NO
SMP-2024-0247,2024-08-20,WQ-004,Station D - Distribution Main,West,7.096,0.605,6.544,150.394,219.6,243.9,3.115,0.53,5,0.548,17.974,PASS,PASS,PASS,FAIL,NO
SMP-2024-0248,2024-08-21,WQ-005,Station E - Consumer Tap,Central,7.874,2.556,6.071,322.611,455.9,118.5,3.938,1.31,11,0.512,18.98,PASS,PASS,PASS,FAIL,NO
SMP-2024-0249,2024-08-25,WQ-002,Station B - Reservoir,East,7.145,15.554,10.737,242.143,365.4,338.8,0.934,3.93,191,0.094,21.778,PASS,FAIL,PASS,FAIL,N/A (Raw Source)
SMP-2024-0250,2024-08-25,WQ-004,Station D - Distribution Main,West,7.06,0.795,7.063,127,198.4,240.8,0.649,0.9,6,0.981,19.626,PASS,PASS,PASS,FAIL,NO
SMP-2024-0251,2024-08-26,WQ-003,Station C - Treatment Plant Outlet,South,7.311,1.044,7.52,155.942,220.3,94.2,2.761,2.27,1,0.97,21.231,PASS,PASS,PASS,FAIL,NO
SMP-2024-0252,2024-08-27,WQ-002,Station B - Reservoir,East,6.811,19.666,9.238,140.282,198.5,132.4,7.685,2.73,106,0.024,17.509,PASS,FAIL,PASS,FAIL,N/A (Raw Source)
SMP-2024-0253,2024-09-02,WQ-003,Station C - Treatment Plant Outlet,South,7.646,0.744,8.093,175.22,274.9,344.4,0.227,0.62,0,0.946,16.464,PASS,PASS,PASS,PASS,YES
SMP-2024-0254,2024-09-02,WQ-004,Station D - Distribution Main,West,7.635,1.722,7.105,310.55,470.1,127.9,0.868,3,9,1.195,20.694,PASS,PASS,PASS,FAIL,NO
SMP-2024-0255,2024-09-05,WQ-002,Station B - Reservoir,East,7.412,18.62,7.365,286.703,456.4,206.4,7.859,3.05,38,0.079,23.618,PASS,FAIL,PASS,FAIL,N/A (Raw Source)
SMP-2024-0256,2024-09-08,WQ-002,Station B - Reservoir,East,8.168,23.205,7.808,243.07,367.8,281.5,5.887,1.16,50,0.064,19.999,PASS,FAIL,PASS,FAIL,N/A (Raw Source)
SMP-2024-0257,2024-09-10,WQ-005,Station E - Consumer Tap,Central,7.399,0.135,6.027,176.398,276.9,268.7,4.638,1.32,3,0.671,17.221,PASS,PASS,PASS,FAIL,NO
SMP-2024-0258,2024-09-13,WQ-001,Station A - River Intake,North,6.691,37.153,6.146,366.401,585.7,63.5,10.274,3.14,68,0.058,18.365,PASS,FAIL,FAIL,FAIL,N/A (Raw Source)
SMP-2024-0259,2024-09-15,WQ-001,Station A - River Intake,North,8.022,32.879,7.962,489.419,709.8,219.2,13.858,4.84,475,0.115,17.714,PASS,FAIL,FAIL,FAIL,N/A (Raw Source)
SMP-2024-0260,2024-09-15,WQ-002,Station B - Reservoir,East,7.302,20.386,8.202,157.478,221.6,102.6,7.387,0.7,21,0.051,13.313,PASS,FAIL,PASS,FAIL,N/A (Raw Source)
SMP-2024-0261,2024-09-25,WQ-001,Station A - River Intake,North,8.234,26.186,10.752,411.73,605.5,318.2,7.113,2.68,294,0.103,24.14,PASS,FAIL,PASS,FAIL,N/A (Raw Source)
SMP-2024-0262,2024-10-02,WQ-002,Station B - Reservoir,East,8.125,26.992,9.097,334.11,489.9,306.5,4.073,1.47,100,0.02,18.867,PASS,FAIL,PASS,FAIL,N/A (Raw Source)
SMP-2024-0263,2024-10-04,WQ-003,Station C - Treatment Plant Outlet,South,7.166,0.2,7.138,286.973,441.6,281.3,1.57,1.34,2,1.311,20.851,PASS,PASS,PASS,FAIL,NO
SMP-2024-0264,2024-10-05,WQ-002,Station B - Reservoir,East,7.717,6.245,11.379,261.728,366.4,175,2.619,2.84,85,0.004,11.918,PASS,FAIL,PASS,FAIL,N/A (Raw Source)
SMP-2024-0265,2024-10-08,WQ-003,Station C - Treatment Plant Outlet,South,7.418,0.176,8.946,129.748,206.7,117.3,0.982,2.33,1,0.73,15.01,PASS,PASS,PASS,FAIL,NO
SMP-2024-0266,2024-10-12,WQ-001,Station A - River Intake,North,7.826,60.642,10.242,340.183,501.5,320.6,5.241,1.8,169,0.143,25.068,PASS,FAIL,PASS,FAIL,N/A (Raw Source)
SMP-2024-0267,2024-10-12,WQ-005,Station E - Consumer Tap,Central,7.707,2.956,8.263,186.163,266.9,284.2,2.994,2.32,9,0.171,20.445,PASS,PASS,PASS,FAIL,NO
SMP-2024-0268,2024-10-16,WQ-002,Station B - Reservoir,East,7.617,28.662,7.212,179.598,269.9,202.7,5.012,1.06,60,0.071,21.385,PASS,FAIL,PASS,FAIL,N/A (Raw Source)
SMP-2024-0269,2024-10-16,WQ-004,Station D - Distribution Main,West,7.295,1.873,8.569,247.33,388.9,132.2,2.886,2.34,4,1.121,20.557,PASS,PASS,PASS,FAIL,NO
SMP-2024-0270,2024-10-17,WQ-005,Station E - Consumer Tap,Central,7.707,0.666,7.036,170.615,271.2,198.9,4.895,1.97,12,0.731,22.271,PASS,PASS,PASS,FAIL,NO
SMP-2024-0271,2024-10-18,WQ-001,Station A - River Intake,North,7.261,17.228,9.931,480.5,765.9,181.3,6.381,2.37,22,0.168,12.183,PASS,FAIL,PASS,FAIL,N/A (Raw Source)
SMP-2024-0272,2024-10-20,WQ-005,Station E - Consumer Tap,Central,7.135,2.144,8.451,227.536,326.7,290,4.838,2.66,0,0.554,22.185,PASS,PASS,PASS,PASS,YES
SMP-2024-0273,2024-10-23,WQ-003,Station C - Treatment Plant Outlet,South,7.442,0.655,7.263,270.365,421.6,125.1,0.556,2.19,1,0.79,21.1,PASS,PASS,PASS,FAIL,NO
SMP-2024-0274,2024-10-25,WQ-003,Station C - Treatment Plant Outlet,South,7.5,0.9,8.666,279.339,408.2,155.9,0.135,1.23,3,0.552,18.842,PASS,PASS,PASS,FAIL,NO
SMP-2024-0275,2024-10-27,WQ-005,Station E - Consumer Tap,Central,7.521,1.069,8.198,189.222,277.5,67,0.435,2.27,11,0.357,19.328,PASS,PASS,PASS,FAIL,NO
SMP-2024-0276,2024-10-27,WQ-002,Station B - Reservoir,East,7.323,28.445,10.209,301.444,438.8,132.9,5.242,0.95,40,0.042,21.264,PASS,FAIL,PASS,FAIL,N/A (Raw Source)
SMP-2024-0277,2024-10-29,WQ-002,Station B - Reservoir,East,7.405,29.45,7.338,255.61,393.9,176.8,1.845,3.31,194,0.011,16.054,PASS,FAIL,PASS,FAIL,N/A (Raw Source)
SMP-2024-0278,2024-10-31,WQ-005,Station E - Consumer Tap,Central,7.247,1.253,6.793,135.44,206,73.1,2.467,2.94,4,0.359,21.568,PASS,PASS,PASS,FAIL,NO
SMP-2024-0279,2024-11-02,WQ-005,Station E - Consumer Tap,Central,6.976,2.859,6.892,104.858,167,125.3,3.035,0.58,9,0.684,17.674,PASS,PASS,PASS,FAIL,NO
SMP-2024-0280,2024-11-05,WQ-003,Station C - Treatment Plant Outlet,South,7.541,1.089,8.22,148.84,213,333.4,0.886,0.77,2,1.366,21.627,PASS,PASS,PASS,FAIL,NO
SMP-2024-0281,2024-11-06,WQ-004,Station D - Distribution Main,West,7.589,1.778,7.007,221.021,320.6,185.1,2.834,1.99,6,0.608,15.123,PASS,PASS,PASS,FAIL,NO
SMP-2024-0282,2024-11-08,WQ-004,Station D - Distribution Main,West,7.766,0.858,8.6,125.25,177.7,274.5,2.723,1.63,9,0.302,15.067,PASS,PASS,PASS,FAIL,NO
SMP-2024-0283,2024-11-16,WQ-005,Station E - Consumer Tap,Central,7.815,1.359,6.776,197.289,285.8,264.2,3.645,2.09,0,0.631,21.133,PASS,PASS,PASS,PASS,YES
SMP-2024-0284,2024-11-17,WQ-003,Station C - Treatment Plant Outlet,South,7.073,0.379,8.755,242.519,342.6,187.7,0.14,1.12,1,0.714,16.896,PASS,PASS,PASS,FAIL,NO
SMP-2024-0285,2024-11-18,WQ-002,Station B - Reservoir,East,7.826,18.988,10.364,124.345,187.6,110.1,7.636,3.67,167,0.081,22.345,PASS,FAIL,PASS,FAIL,N/A (Raw Source)
SMP-2024-0286,2024-11-20,WQ-003,Station C - Treatment Plant Outlet,South,7.493,1.14,8.476,194.719,283.1,160.5,0.299,1.85,1,1.421,19.091,PASS,PASS,PASS,FAIL,NO
SMP-2024-0287,2024-11-23,WQ-002,Station B - Reservoir,East,8.053,20.661,10.937,236.304,361.5,330.9,5.227,1.86,50,0.071,16.414,PASS,FAIL,PASS,FAIL,N/A (Raw Source)
SMP-2024-0288,2024-11-27,WQ-004,Station D - Distribution Main,West,7.051,1.667,7.231,186.541,295.7,81.6,0.185,1.74,3,0.703,15.449,PASS,PASS,PASS,FAIL,NO
SMP-2024-0289,2024-11-27,WQ-004,Station D - Distribution Main,West,7.612,0.878,8.138,142.457,224.6,294.2,0.722,2.17,1,0.27,16.485,PASS,PASS,PASS,FAIL,NO
SMP-2024-0290,2024-11-29,WQ-004,Station D - Distribution Main,West,7.548,0.31,7.223,154.354,241.7,286.8,1.075,1.41,5,0.736,17.855,PASS,PASS,PASS,FAIL,NO
SMP-2024-0291,2024-11-30,WQ-005,Station E - Consumer Tap,Central,7.208,2.75,8.858,168.22,248.7,216,1.837,0.79,7,0.947,23.763,PASS,PASS,PASS,FAIL,NO
SMP-2024-0292,2024-12-02,WQ-005,Station E - Consumer Tap,Central,7.403,0.662,8.576,262.774,376.3,252.1,4.206,2.09,12,0.774,19.392,PASS,PASS,PASS,FAIL,NO
SMP-2024-0293,2024-12-05,WQ-005,Station E - Consumer Tap,Central,7.079,2.112,6.689,111.739,160,75.1,0.91,1.79,0,0.747,22.324,PASS,PASS,PASS,PASS,YES
SMP-2024-0294,2024-12-07,WQ-003,Station C - Treatment Plant Outlet,South,7.015,0.332,8.782,133.138,192.9,67.3,1.127,2.02,0,0.722,18.635,PASS,PASS,PASS,PASS,YES
SMP-2024-0295,2024-12-15,WQ-005,Station E - Consumer Tap,Central,7.291,0.779,6.659,339.163,522.1,260.6,3.12,1.89,8,0.474,19.289,PASS,PASS,PASS,FAIL,NO
SMP-2024-0296,2024-12-19,WQ-003,Station C - Treatment Plant Outlet,South,7.137,0.8,7.824,271.516,398.4,92.9,1.931,0.8,2,0.615,19.239,PASS,PASS,PASS,FAIL,NO
SMP-2024-0297,2024-12-19,WQ-004,Station D - Distribution Main,West,7.554,0.492,7.48,294.962,417,192.3,0.897,2.51,5,0.619,15.145,PASS,PASS,PASS,FAIL,NO
SMP-2024-0298,2024-12-22,WQ-001,Station A - River Intake,North,7.621,52.132,9.443,263.973,414.1,195.5,1.14,4.37,364,0.107,25.378,PASS,FAIL,PASS,FAIL,N/A (Raw Source)
SMP-2024-0299,2024-12-25,WQ-003,Station C - Treatment Plant Outlet,South,7.267,1.208,7.903,120.357,187.8,320.5,2.579,1.49,4,0.966,15.53,PASS,PASS,PASS,FAIL,NO
SMP-2024-0300,2024-12-31,WQ-005,Station E - Consumer Tap,Central,7.103,0.294,8.632,185.139,273.1,291.1,2.755,0.76,14,0.16,21.483,PASS,PASS,PASS,FAIL,NO
